{"success_rate":0.875,"uncertainty":0.46254438161849976,"_timestamp":1.7609940572515764e+09,"s_desired":0.9,"sensitivity_active":0.004726497204449824,"n_samples":6103,"specificity_active_window":1,"sensitivity":0.10646146751974177,"sensitivity_active_window":0,"sensitivity_window":0.104,"specificity":0.8999882504993538,"specificity_window":0.906,"threshold":Infinity,"_runtime":124,"_step":467,"novice_success_rate":0.859375,"query_rate_active":0,"query_rate":0.0859375,"specificity_active":0.9998825049935378,"_wandb":{"runtime":124}}