{"n_samples":34410,"_step":467,"sensitivity_active":0.8825610668843982,"specificity_active":0.5883602097020373,"specificity_active_window":0.558,"s_desired":0.9,"sensitivity_active_window":0.898,"_runtime":97,"uncertainty":0.5241671800613403,"_wandb":{"runtime":97},"specificity":0.5294976441701507,"success_rate":0.9921875,"sensitivity":0.8940600122473974,"query_rate":0.6015625,"_timestamp":1.7609937066850524e+09,"novice_success_rate":0.828125,"specificity_window":0.498,"query_rate_active":0.5078125,"threshold":0.5325786169877067,"sensitivity_window":0.907}