{"specificity":0.9035287229490846,"specificity_window":0.907,"_wandb":{"runtime":125},"novice_success_rate":0.8515625,"sensitivity_window":0.092,"specificity_active":0.9998874051388295,"uncertainty":0.48678916692733765,"threshold":Infinity,"_step":467,"sensitivity_active_window":0,"specificity_active_window":1,"_timestamp":1.7609939311954238e+09,"sensitivity_active":0.005033232238497774,"query_rate":0.03125,"query_rate_active":0,"_runtime":125,"sensitivity":0.09976124411176357,"success_rate":0.859375,"s_desired":0.9,"n_samples":5830}