{"specificity_active":0.9062095872695789,"specificity_window":0.903,"_step":467,"sensitivity_active_window":0.019,"specificity_active_window":1,"query_rate_active":0,"specificity":0.8160576902001183,"n_samples":16397,"sensitivity":0.5605349765422589,"_wandb":{"runtime":107},"sensitivity_active":0.5162103494153071,"query_rate":0.078125,"_timestamp":1.7609942651799636e+09,"_runtime":107,"sensitivity_window":0.108,"threshold":0.8503008795754597,"s_desired":0.9,"uncertainty":0.5183283686637878,"novice_success_rate":0.875,"success_rate":0.8828125}