{"_runtime":98,"specificity_window":0.9,"sensitivity_active_window":0.088,"novice_success_rate":0.8984375,"query_rate_active":0.0078125,"sensitivity":0.5671907234829622,"_wandb":{"runtime":98},"query_rate":0.0859375,"_timestamp":1.7609941568121557e+09,"success_rate":0.90625,"threshold":0.7798403685091115,"specificity_active_window":0.997,"specificity":0.8174580670490981,"sensitivity_window":0.181,"sensitivity_active":0.5160418296933912,"uncertainty":0.48306405544281006,"specificity_active":0.9097214648722927,"_step":467,"s_desired":0.9,"n_samples":16342}