{"sensitivity_active":0.8851185895193452,"_wandb":{"runtime":96},"specificity_active_window":0.738,"sensitivity_active_window":0.881,"_runtime":96,"specificity":0.5243910460196005,"sensitivity_window":0.89,"specificity_window":0.6599999999999999,"specificity_active":0.5822937449299511,"novice_success_rate":0.9140625,"query_rate":0.3046875,"uncertainty":0.46191588044166565,"_timestamp":1.7609938048105524e+09,"sensitivity":0.8962429161127825,"query_rate_active":0.2421875,"n_samples":34503,"s_desired":0.9,"_step":467,"threshold":0.5937143066277107,"success_rate":0.984375}